n,Time_ij,Time_ji
0,0.000001,0.000002
1000,0.005175,0.020835
2000,0.021043,0.127725
3000,0.047752,0.323780
4000,0.082211,0.642540
5000,0.091195,0.681621
6000,0.192369,1.007934
7000,0.264093,1.658944
8000,0.218514,1.914255
9000,0.351993,2.337577
10000,0.531877,3.354507
11000,0.417335,3.904591
12000,0.603457,4.801040
13000,0.635592,5.436983
14000,0.672501,6.360737
15000,0.843873,7.768237
16000,0.920561,9.932357
